0,1,2,3
,,,
Tweet / Twitter,,,
,,,
Error Page | eBay,,,
,,,
,,,
,,,
,,,
404 Error,,,
,,,
,,,
Interstitial Page for 1.USA.Gov Traffic,,,
This alert has expired,,,
IEM :: Valid Time Event Code (VTEC) App,,,
Interstitial Page for 1.USA.Gov Traffic,,,
,,,
,,,
United Airlines passenger films spectacular thunderstorm during take-off,"Hal Crawford on Twitter: ""Beautiful lightning as seen from plane window http://t.co/5CwUyLnFUm http://t.co/1tyYqFz13D"" / Twitter",,
,,,
This alert has expired,,,
iNWS Alert SPSGSP from 8/5/2015 10:40 PM... - Jason Boyer WLOS | Facebook,,,
,,,
,,,
Interstitial Page for 1.USA.Gov Traffic,,,
"NWS Severe Tstorm on Twitter: ""Severe Thunderstorm Warning including Russellville AR, Clarksville AR, Dardanelle AR until 10:15 PM CDT http://t.co/2l1iLU2neI"" / Twitter",,,
National Weather Service Watch Warning Advisory Summary,,,
Weather - News 9,,,
,,,
- Simple Weather Alert,,,
,,,
IEM :: Valid Time Event Code (VTEC) App,,,
"NWS Severe Tstorm on Twitter: ""Severe Thunderstorm Warning including Midwest City OK, Del City OK, Choctaw OK until 10:30 PM CDT http://t.co/ogxSY4GWD1"" / Twitter",,,
Wednesday storm photos from across the Mid-South | WREG.com,,,
Alerts for: Lethbridge - Taber - Milk River - Environment Canada,,,
IEM :: SPS from NWS RNK,,,
Page Not Found ‚Ä¢ Instagram,,,
,,,
,,,
,,,
,,,
Interstitial Page for 1.USA.Gov Traffic,,,
,,,
,,,
,,,
Tornado Giveaway -Forbidden | Expression,Sign in - Google Accounts,,
,,,
emergency preparation: Tornado Emergency Preparation,,,
emergency preparation: Tornado Emergency Preparation,,,
Twitter / ?,,,
This alert has expired,,,
Infosocial24.com,,,
emergency preparation: Tornado Emergency Preparation,,,
This alert has expired,,,
YouTube,,,
,,,
,,,
,,,
,,,
,,,
Tweet / Twitter,,,
Storming Away,,,
emergency preparation: Tornado Emergency Preparation,,,
emergency preparation: Tornado Emergency Preparation,,,
,,,
emergency preparation: Tornado Emergency Preparation,,,
YouTube,,,
,,,
emergency preparation: Tornado Emergency Preparation,,,
,,,
,,,
"Illinois Tornado Slipped Under the Radar, Emergency Officials Say",,,
,,,
"inner child‚Å∑ on Twitter: ""I feel like a tornado http://t.co/iZJK6kpWiZ"" / Twitter",,,
,,,
,,,
emergency preparation: Tornado Emergency Preparation,,,
Just a moment...,,,
,,,
,,,
,,,
"NASIRü©∏ on Twitter: ""And this is why Meek Mill should've let Nicki Minaj write his diss üî•üî•üî•üî•üî•üî•üî• http://t.co/xsLTBTHurZ"" / Twitter",,,
Tweet / Twitter,,,
Just a moment...,,,
Page Not Found ‚Ä¢ Instagram,,,
Just a moment...,,,
,,,
,,,
,,,
,,,
Railways caught unawares by MP tragedy; Accident spot never marked as ‚Äòvulnerable‚Äô | India News - Times of India,,,
,,,
"Some lived to recount the horror, but some families just vanished | India News - Times of India",,,
Just a moment...,,,
,,,
,,,
Just a moment...,,,
,,,
Just a moment...,,,
,,,
Just a moment...,,,
